,precision,recall,f1-score,support
0,0.0,0.0,0.0,63.0
1,0.0,0.0,0.0,46.0
2,0.3645833333333333,1.0,0.5343511450381679,35.0
3,0.5490196078431373,1.0,0.7088607594936709,56.0
accuracy,0.455,0.455,0.455,0.455
macro avg,0.22840073529411764,0.5,0.3108029761329597,200.0
weighted avg,0.21752757352941177,0.455,0.2919924630399072,200.0
