,precision,recall,f1-score,support
0,0.0,0.0,0.0,63.0
1,0.0,0.0,0.0,46.0
2,0.43209876543209874,1.0,0.603448275862069,35.0
3,0.47058823529411764,1.0,0.6399999999999999,56.0
accuracy,0.455,0.455,0.455,0.455
macro avg,0.2256717501815541,0.5,0.3108620689655172,200.0
weighted avg,0.2073819898329702,0.455,0.28480344827586207,200.0
