,precision,recall,f1-score,support
0,1.0,1.0,1.0,69.0
1,0.9452054794520548,1.0,0.971830985915493,69.0
2,1.0,0.9473684210526315,0.972972972972973,76.0
3,1.0,1.0,1.0,66.0
accuracy,0.9857142857142858,0.9857142857142858,0.9857142857142858,0.9857142857142858
macro avg,0.9863013698630136,0.9868421052631579,0.9862009897221165,280.0
weighted avg,0.9864970645792563,0.9857142857142858,0.9857224427646963,280.0
