,precision,recall,f1-score,support
0,0.28125,1.0,0.43902439024390244,9.0
1,0.0,0.0,0.0,9.0
2,0.0,0.0,0.0,5.0
3,0.0,0.0,0.0,9.0
accuracy,0.28125,0.28125,0.28125,0.28125
macro avg,0.0703125,0.25,0.10975609756097561,32.0
weighted avg,0.0791015625,0.28125,0.12347560975609756,32.0
