,precision,recall,f1-score,support
0,0.5149253731343284,1.0,0.6798029556650247,69.0
1,0.4788732394366197,0.9855072463768116,0.6445497630331753,69.0
2,0.5,0.013157894736842105,0.025641025641025637,76.0
3,0.5,0.015151515151515152,0.029411764705882356,66.0
accuracy,0.49642857142857144,0.49642857142857144,0.49642857142857144,0.49642857142857144
macro avg,0.49844965314273704,0.5034541640662922,0.34485137726127696,280.0
weighted avg,0.4984718009549836,0.49642857142857144,0.34025082860529277,280.0
