,precision,recall,f1-score,support
0,0.875,0.10144927536231885,0.18181818181818182,69.0
1,0.0,0.0,0.0,69.0
2,1.0,0.9868421052631579,0.9933774834437086,76.0
3,0.3350253807106599,1.0,0.5019011406844107,66.0
accuracy,0.5285714285714286,0.5285714285714286,0.5285714285714286,0.5285714285714286
macro avg,0.552506345177665,0.5220728451563692,0.4192742014865753,280.0
weighted avg,0.5660238397389412,0.5285714285714286,0.4327414949012411,280.0
