,precision,recall,f1-score,support
0,1.0,0.015873015873015872,0.03125,63.0
1,1.0,1.0,1.0,46.0
2,0.9722222222222222,1.0,0.9859154929577464,35.0
3,0.47863247863247865,1.0,0.6473988439306358,56.0
accuracy,0.69,0.69,0.69,0.69
macro avg,0.8627136752136753,0.753968253968254,0.6661410842220956,200.0
weighted avg,0.8491559829059828,0.69,0.5936506375681837,200.0
