,precision,recall,f1-score,support
0,1.0,0.9365079365079365,0.9672131147540983,63.0
1,0.9387755102040817,1.0,0.968421052631579,46.0
2,1.0,1.0,1.0,35.0
3,0.9824561403508771,1.0,0.9911504424778761,56.0
accuracy,0.98,0.98,0.98,0.98
macro avg,0.9803079126387397,0.9841269841269842,0.9816961524658883,200.0
weighted avg,0.9810060866451845,0.98,0.9799310971466094,200.0
