,precision,recall,f1-score,support
0,0.0,0.0,0.0,22.0
1,0.2125,1.0,0.3505154639175258,17.0
2,0.0,0.0,0.0,23.0
3,0.0,0.0,0.0,18.0
accuracy,0.2125,0.2125,0.2125,0.2125
macro avg,0.053125,0.25,0.08762886597938145,80.0
weighted avg,0.045156249999999995,0.2125,0.07448453608247423,80.0
