,precision,recall,f1-score,support
0,0.235,1.0,0.38056680161943324,188.0
1,0.0,0.0,0.0,191.0
2,0.0,0.0,0.0,218.0
3,0.0,0.0,0.0,203.0
accuracy,0.235,0.235,0.235,0.235
macro avg,0.05875,0.25,0.09514170040485831,800.0
weighted avg,0.055224999999999996,0.235,0.0894331983805668,800.0
