,precision,recall,f1-score,support
0,0.0,0.0,0.0,512.0
1,0.0,0.0,0.0,508.0
2,0.2375,1.0,0.3838383838383838,475.0
3,0.0,0.0,0.0,505.0
accuracy,0.2375,0.2375,0.2375,0.2375
macro avg,0.059375,0.25,0.09595959595959595,2000.0
weighted avg,0.05640625,0.2375,0.09116161616161615,2000.0
