,precision,recall,f1-score,support
0,0.9995,1.0,0.9997499374843711,1999.0
1,0.9994908350305499,0.9929185634800203,0.9961938594265415,1977.0
2,0.9886531820424272,0.9995012468827931,0.9940476190476191,2005.0
3,0.9995022399203584,0.9945517582961863,0.9970208540218471,2019.0
accuracy,0.99675,0.99675,0.99675,0.99675
macro avg,0.9967865642483339,0.9967428921647499,0.9967530674950946,8000.0
weighted avg,0.9967798166562084,0.99675,0.9967532456972645,8000.0
