,precision,recall,f1-score,support
0,0.4888888888888889,1.0,0.6567164179104478,22.0
1,1.0,0.23529411764705882,0.38095238095238093,17.0
2,0.0,0.0,0.0,23.0
3,0.5806451612903226,1.0,0.7346938775510204,18.0
accuracy,0.55,0.55,0.55,0.55
macro avg,0.5173835125448029,0.5588235294117647,0.4430906691034623,80.0
weighted avg,0.477589605734767,0.55,0.42685551832673363,80.0
