,precision,recall,f1-score,support
0,0.0,0.0,0.0,22.0
1,0.5,1.0,0.6666666666666666,17.0
2,0.5111111111111111,1.0,0.676470588235294,23.0
3,1.0,0.05555555555555555,0.10526315789473684,18.0
accuracy,0.5125,0.5125,0.5125,0.5125
macro avg,0.5027777777777778,0.5138888888888888,0.3621001031991744,80.0
weighted avg,0.4781944444444444,0.5125,0.3598361713106295,80.0
