,precision,recall,f1-score,support
0,1.0,0.998046875,0.9990224828934506,512.0
1,1.0,0.9980314960629921,0.9990147783251232,508.0
2,0.9978991596638656,1.0,0.9989484752891693,475.0
3,0.9980237154150198,1.0,0.9990108803165183,505.0
accuracy,0.999,0.999,0.999,0.999
macro avg,0.9989807187697213,0.999019592765748,0.9989991542060654,2000.0
weighted avg,0.9990020385624606,0.999,0.9990000194764032,2000.0
