,precision,recall,f1-score,support
0,1.0,1.0,1.0,188.0
1,0.9947916666666666,1.0,0.9973890339425587,191.0
2,1.0,0.9954128440366973,0.9977011494252873,218.0
3,1.0,1.0,1.0,203.0
accuracy,0.99875,0.99875,0.99875,0.99875
macro avg,0.9986979166666666,0.9988532110091743,0.9987725458419615,800.0
weighted avg,0.9987565104166666,0.99875,0.9987501950721768,800.0
