,precision,recall,f1-score,support
0,0.3333333333333333,1.0,0.5,6.0
1,0.5,1.0,0.6666666666666666,11.0
2,0.0,0.0,0.0,11.0
3,0.0,0.0,0.0,12.0
accuracy,0.425,0.425,0.425,0.425
macro avg,0.20833333333333331,0.5,0.29166666666666663,40.0
weighted avg,0.1875,0.425,0.2583333333333333,40.0
