,precision,recall,f1-score,support
0,0.8571428571428571,1.0,0.923076923076923,6.0
1,0.5,1.0,0.6666666666666666,11.0
2,1.0,1.0,1.0,11.0
3,0.0,0.0,0.0,12.0
accuracy,0.7,0.7,0.7,0.7
macro avg,0.5892857142857143,0.75,0.6474358974358974,40.0
weighted avg,0.5410714285714285,0.7,0.5967948717948718,40.0
