,precision,recall,f1-score,support
0,1.0,0.3333333333333333,0.5,6.0
1,0.0,0.0,0.0,5.0
2,0.5833333333333334,1.0,0.7368421052631579,7.0
3,0.6,1.0,0.7499999999999999,6.0
accuracy,0.625,0.625,0.625,0.625
macro avg,0.5458333333333334,0.5833333333333333,0.4967105263157895,24.0
weighted avg,0.5701388888888889,0.625,0.5274122807017544,24.0
