,precision,recall,f1-score,support
0,0.46153846153846156,1.0,0.631578947368421,6.0
1,0.0,0.0,0.0,5.0
2,0.0,0.0,0.0,7.0
3,0.5454545454545454,1.0,0.7058823529411764,6.0
accuracy,0.5,0.5,0.5,0.5
macro avg,0.2517482517482518,0.5,0.33436532507739936,24.0
weighted avg,0.2517482517482517,0.5,0.3343653250773993,24.0
