,precision,recall,f1-score,support
0,1.0,1.0,1.0,6.0
1,0.4166666666666667,1.0,0.5882352941176471,5.0
2,0.0,0.0,0.0,7.0
3,1.0,1.0,1.0,6.0
accuracy,0.7083333333333334,0.7083333333333334,0.7083333333333334,0.7083333333333334
macro avg,0.6041666666666667,0.75,0.6470588235294118,24.0
weighted avg,0.5868055555555556,0.7083333333333334,0.6225490196078431,24.0
