,precision,recall,f1-score,support
0,0.0,0.0,0.0,1999.0
1,0.0,0.0,0.0,1977.0
2,0.250625,1.0,0.4007996001999001,2005.0
3,0.0,0.0,0.0,2019.0
accuracy,0.250625,0.250625,0.250625,0.250625
macro avg,0.06265625,0.25,0.10019990004997502,8000.0
weighted avg,0.06281289062499999,0.250625,0.10045039980009995,8000.0
