,precision,recall,f1-score,support
0,0.9912195121951219,1.0,0.9955903968642822,1016.0
1,1.0,0.9888551165146909,0.9943963321446766,987.0
2,0.977977977977978,1.0,0.9888663967611336,977.0
3,1.0,0.9803921568627451,0.99009900990099,1020.0
accuracy,0.99225,0.99225,0.99225,0.99225
macro avg,0.9922993725432749,0.992311818344359,0.9922380339177707,4000.0
weighted avg,0.9923908772186821,0.99225,0.9922531206938858,4000.0
